id_evento,fecha_evento,decline_code,decline_tipo,red,acquirer,bin,card_type,monto_ars,attempt_number,tokenized,card_expiry_delta_dias,user_id,archetype_id,employment_type,digital_literacy,tenure_meses,prior_recoveries,engagement_recency_dias,arpu_ars,day_of_month,days_to_quincena,days_to_fin_de_mes,is_aguinaldo_month,anses_pay_flag,indec_ipc_mom,bcra_rate,billetera_yield_proxy,action_window,action_channel,action_tone,recovered,recovery_day_offset,contexto_cliente
EVT0000000,2025-07-30,65,soft,Visa,Payway,467777,credito,5300.0,8,False,525,USR0000218,taxista_remis,autonomo,media,16,0,1,5400.0,30,16,1,0,0,0.0306,0.6203,0.5321,fin_de_mes,whatsapp,formal,1,3,Conductor de app / taxista / remisero (ingreso_diario_efectivo)
EVT0000001,2025-12-07,05,soft,Mastercard,Payway,543930,credito,11500.0,1,False,448,USR0000341,empleado_privado_formal,empleado_privado,alta,47,5,5,11600.0,7,8,24,1,1,0.0581,0.5679,0.4259,inmediata,push,empatico,1,2,Empleado privado en relación de dependencia (ingreso_estable_quincena)
EVT0000002,2026-02-09,05,soft,Mastercard,Fiserv,545655,credito,8000.0,2,True,261,USR0000200,empleado_comercio,empleado_privado,media,24,0,0,8900.0,9,4,18,0,1,0.0525,0.5614,0.4859,inmediata,llamada,formal,1,2,Empleado de comercio (CCT comercio) (ingreso_estable_fin_de_mes)
EVT0000003,2025-07-08,05,soft,Visa,Payway,491464,credito,10800.0,2,True,35,USR0000011,empleado_privado_formal,empleado_privado,alta,45,7,7,10600.0,8,7,23,0,1,0.0307,0.5229,0.4256,inmediata,whatsapp,cercano,0,-1,Empleado privado en relación de dependencia (ingreso_estable_quincena)
EVT0000004,2026-03-16,05,soft,Mastercard,Payway,560747,credito,8400.0,1,True,172,USR0000264,joven_profesional,empleado_privado,alta,1,0,7,9000.0,16,30,15,0,0,0.0243,0.6008,0.424,post_quincena,sms,cercano,0,-1,Joven profesional (primer empleo) (ingreso_estable_bajo_quincena)
EVT0000005,2026-05-16,51,soft,Visa,Geopagos,484203,credito,3400.0,1,False,289,USR0000577,trabajador_informal,informal,media,5,0,2,3300.0,16,30,13,0,0,0.0597,0.5101,0.3864,quincena,whatsapp,cercano,0,-1,Trabajador informal / changas (ingreso_diario_efectivo)
EVT0000006,2025-10-17,51,soft,Visa,Other,411502,credito,3900.0,7,False,357,USR0000091,pensionado_no_contributivo,jubilado,baja,45,3,1,3700.0,17,28,14,0,0,0.068,0.5647,0.5275,anses,llamada,urgente_suave,0,-1,Pensionado no contributivo (ingreso_fijo_anses)
EVT0000007,2026-06-06,51,soft,Naranja,Payway,574190,credito,23400.0,1,True,131,USR0000358,empresario_pyme,autonomo,media,61,4,6,22600.0,6,9,24,1,1,0.0523,0.5113,0.3964,fin_de_mes,sms,empatico,1,24,Empresario / dueño de PyME (ingreso_alto_variable)
EVT0000008,2026-01-06,51,soft,Visa,Payway,415197,credito,9100.0,1,False,169,USR0000596,profesional_salud,empleado_privado,alta,21,0,39,10100.0,6,9,24,0,1,0.0291,0.5076,0.4028,fin_de_mes,llamada,cercano,1,26,Profesional de la salud (enfermero / técnico) (ingreso_estable_con_guardias)
EVT0000009,2026-03-12,51,soft,Mastercard,Other,518339,debito,24000.0,1,True,252,USR0000533,profesional_independiente,autonomo,alta,8,0,0,25100.0,12,1,19,0,1,0.0521,0.631,0.5038,fin_de_mes,email,urgente_suave,1,21,"Profesional independiente (abogado, contador, etc.) (ingreso_alto_irregular)"
EVT0000010,2025-09-19,51,soft,Visa,Payway,495810,credito,7400.0,6,False,77,USR0000202,empleado_publico,empleado_publico,media,64,5,3,8100.0,19,26,11,0,0,0.0671,0.3447,0.2744,quincena,whatsapp,cercano,1,26,Empleado público (ingreso_estable_fin_de_mes)
EVT0000011,2025-11-03,51,soft,Mastercard,Payway,579698,debito,4300.0,3,False,240,USR0000561,estudiante,informal,alta,3,0,9,4000.0,3,11,25,0,1,0.0598,0.4557,0.3982,post_fecha_resumen,whatsapp,cercano,1,8,Estudiante universitario (ingreso_irregular_changas)
EVT0000012,2025-11-16,91,soft,Cabal,Fiserv,659902,debito,5900.0,1,True,421,USR0000279,empleado_comercio,empleado_privado,media,15,1,45,5700.0,16,29,12,0,0,0.0692,0.3849,0.3591,inmediata,whatsapp,cercano,0,-1,Empleado de comercio (CCT comercio) (ingreso_estable_fin_de_mes)
EVT0000013,2026-03-09,51,soft,Mastercard,Payway,587353,debito,8500.0,2,True,596,USR0000073,taxista_remis,autonomo,media,9,2,13,7900.0,9,4,22,0,1,0.0649,0.6185,0.5801,quincena,sms,cercano,0,-1,Conductor de app / taxista / remisero (ingreso_diario_efectivo)
EVT0000014,2025-11-25,65,soft,Visa,Geopagos,420359,credito,8600.0,6,True,391,USR0000093,empleado_privado_formal,empleado_privado,alta,26,3,19,7900.0,25,20,3,0,0,0.053,0.4936,0.3632,inmediata,whatsapp,formal,1,2,Empleado privado en relación de dependencia (ingreso_estable_quincena)
EVT0000015,2025-07-18,51,soft,Cabal,Fiserv,668991,debito,4700.0,1,True,280,USR0000588,trabajador_informal,informal,media,5,0,43,5200.0,18,28,13,0,0,0.0324,0.5024,0.444,quincena,whatsapp,empatico,0,-1,Trabajador informal / changas (ingreso_diario_efectivo)
EVT0000016,2025-12-04,91,soft,Visa,Payway,477139,debito,14000.0,3,True,564,USR0000056,profesional_salud,empleado_privado,alta,16,1,10,13600.0,4,11,27,1,1,0.0617,0.5807,0.4803,inmediata,whatsapp,cercano,1,1,Profesional de la salud (enfermero / técnico) (ingreso_estable_con_guardias)
EVT0000017,2025-10-12,05,soft,Visa,Payway,482956,credito,6400.0,1,True,369,USR0000440,docente,empleado_publico,media,39,3,62,6400.0,12,3,19,0,1,0.061,0.4586,0.3928,inmediata,whatsapp,empatico,1,3,Docente (maestro / profesor) (ingreso_estable_fin_de_mes)
EVT0000018,2025-12-25,65,soft,Mastercard,Payway,500888,debito,23600.0,2,False,232,USR0000451,profesional_independiente,autonomo,alta,7,2,8,25200.0,25,21,6,1,0,0.0342,0.4298,0.3401,inmediata,llamada,formal,0,-1,"Profesional independiente (abogado, contador, etc.) (ingreso_alto_irregular)"
EVT0000019,2025-11-10,51,soft,Mastercard,Fiserv,571489,debito,10100.0,1,True,211,USR0000597,profesional_salud,empleado_privado,alta,24,0,19,9200.0,10,4,18,0,1,0.0489,0.6752,0.4981,fin_de_mes,llamada,cercano,1,18,Profesional de la salud (enfermero / técnico) (ingreso_estable_con_guardias)
EVT0000020,2026-01-16,51,soft,Cabal,Payway,656467,debito,2600.0,2,False,411,USR0000106,jubilado,jubilado,baja,61,7,9,2600.0,16,28,14,0,0,0.0317,0.5443,0.5059,post_quincena,llamada,empatico,0,-1,Jubilado / pensionado ANSES (ingreso_fijo_anses)
EVT0000021,2026-01-10,05,soft,Visa,Fiserv,405679,credito,10700.0,7,False,68,USR0000304,docente,empleado_publico,media,54,3,17,10200.0,10,5,20,0,1,0.0485,0.6789,0.6423,inmediata,push,empatico,1,3,Docente (maestro / profesor) (ingreso_estable_fin_de_mes)
EVT0000022,2026-03-23,05,soft,Naranja,Geopagos,507602,credito,4400.0,1,True,407,USR0000157,jubilado,jubilado,baja,51,2,31,4100.0,23,23,8,0,0,0.0329,0.4474,0.4027,inmediata,llamada,cercano,1,4,Jubilado / pensionado ANSES (ingreso_fijo_anses)
EVT0000023,2026-02-16,91,soft,Mastercard,Payway,548537,debito,6600.0,1,False,77,USR0000297,empleado_privado_formal,empleado_privado,alta,65,2,30,6700.0,16,25,11,0,0,0.0758,0.5638,0.4521,inmediata,whatsapp,urgente_suave,1,4,Empleado privado en relación de dependencia (ingreso_estable_quincena)
EVT0000024,2026-05-09,51,soft,Visa,Payway,450349,debito,3500.0,4,True,231,USR0000475,jubilado,jubilado,baja,55,4,24,3200.0,9,6,20,0,1,0.0568,0.5718,0.443,anses,llamada,empatico,1,2,Jubilado / pensionado ANSES (ingreso_fijo_anses)
EVT0000025,2026-05-20,51,soft,Mastercard,Payway,596927,credito,8200.0,3,False,362,USR0000381,taxista_remis,autonomo,media,23,0,147,8900.0,20,26,9,0,0,0.0333,0.3644,0.261,quincena,whatsapp,cercano,1,27,Conductor de app / taxista / remisero (ingreso_diario_efectivo)
EVT0000026,2025-11-09,51,soft,Visa,Geopagos,424102,credito,12000.0,2,True,437,USR0000029,empleado_privado_formal,empleado_privado,alta,29,2,3,12000.0,9,5,19,0,1,0.0108,0.4303,0.3747,post_quincena,whatsapp,formal,0,-1,Empleado privado en relación de dependencia (ingreso_estable_quincena)
EVT0000027,2025-07-08,51,soft,Visa,Fiserv,498011,debito,9600.0,3,False,319,USR0000328,empleado_comercio,empleado_privado,media,11,1,82,9500.0,8,7,23,0,1,0.0316,0.5509,0.5122,fin_de_mes,llamada,cercano,1,24,Empleado de comercio (CCT comercio) (ingreso_estable_fin_de_mes)
EVT0000028,2026-03-30,51,soft,Visa,Payway,480733,debito,2500.0,4,True,351,USR0000002,trabajador_informal,informal,media,1,0,0,2400.0,30,16,1,0,0,0.048,0.4625,0.3438,quincena,email,cercano,0,-1,Trabajador informal / changas (ingreso_diario_efectivo)
EVT0000029,2025-11-19,57,hard,Mastercard,Payway,557045,debito,8400.0,1,True,511,USR0000590,empleado_comercio,empleado_privado,media,22,0,46,7900.0,19,26,9,0,0,0.0287,0.5776,0.5021,post_fecha_resumen,whatsapp,empatico,0,-1,Empleado de comercio (CCT comercio) (ingreso_estable_fin_de_mes)
EVT0000030,2025-11-23,05,soft,Visa,Payway,446316,credito,8000.0,1,False,363,USR0000301,empleado_privado_formal,empleado_privado,alta,35,3,22,8500.0,23,22,5,0,0,0.0632,0.3362,0.3011,inmediata,whatsapp,cercano,0,-1,Empleado privado en relación de dependencia (ingreso_estable_quincena)
EVT0000031,2025-08-04,51,soft,Naranja,Payway,587986,credito,18500.0,2,False,227,USR0000146,empleado_publico,empleado_publico,media,43,2,9,18200.0,4,11,25,0,1,0.0452,0.5769,0.5026,fin_de_mes,push,cercano,0,-1,Empleado público (ingreso_estable_fin_de_mes)
EVT0000032,2025-12-11,51,soft,Visa,Other,451004,debito,7100.0,1,True,255,USR0000064,monotributista,autonomo,alta,11,5,3,7100.0,11,4,20,1,1,0.0637,0.5155,0.3733,post_aguinaldo,sms,cercano,1,8,Monotributista (ingreso_irregular_fin_de_mes)
EVT0000033,2026-04-17,51,soft,Visa,Other,417070,credito,7000.0,1,True,84,USR0000177,trabajador_informal,informal,media,2,0,14,6500.0,17,28,13,0,0,0.0533,0.5002,0.439,anses,whatsapp,cercano,1,26,Trabajador informal / changas (ingreso_diario_efectivo)
EVT0000034,2025-08-24,91,soft,Mastercard,Payway,545358,credito,3800.0,2,False,361,USR0000279,pensionado_no_contributivo,jubilado,baja,45,2,1,3500.0,24,22,5,0,0,0.058,0.5669,0.4424,inmediata,llamada,empatico,0,-1,Pensionado no contributivo (ingreso_fijo_anses)
EVT0000035,2026-04-13,05,soft,Amex,Geopagos,315093,credito,45300.0,5,True,326,USR0000435,profesional_independiente,autonomo,alta,16,1,86,43100.0,13,2,17,0,0,0.0339,0.6239,0.4569,inmediata,sms,formal,1,2,"Profesional independiente (abogado, contador, etc.) (ingreso_alto_irregular)"
EVT0000036,2025-07-25,05,soft,Naranja,Geopagos,545106,credito,4200.0,7,False,420,USR0000244,jubilado,jubilado,baja,46,3,27,4200.0,25,21,6,0,0,0.0434,0.5782,0.5088,inmediata,sms,empatico,1,5,Jubilado / pensionado ANSES (ingreso_fijo_anses)
EVT0000037,2025-10-19,51,soft,Mastercard,Payway,563083,credito,6500.0,1,False,310,USR0000264,docente,empleado_publico,media,66,3,11,6000.0,19,26,12,0,0,0.0542,0.3814,0.3578,quincena,whatsapp,cercano,1,26,Docente (maestro / profesor) (ingreso_estable_fin_de_mes)
EVT0000038,2026-02-19,91,soft,Mastercard,Payway,519883,credito,15200.0,2,True,192,USR0000342,empleado_privado_formal,empleado_privado,alta,39,7,5,14800.0,19,22,8,0,0,0.0472,0.5829,0.4456,inmediata,whatsapp,cercano,0,-1,Empleado privado en relación de dependencia (ingreso_estable_quincena)
EVT0000039,2025-08-27,65,soft,Cabal,Other,667611,debito,8500.0,2,False,182,USR0000146,empleado_privado_formal,empleado_privado,alta,43,1,11,9100.0,27,19,2,0,0,0.0515,0.555,0.5112,fin_de_mes,whatsapp,cercano,0,-1,Empleado privado en relación de dependencia (ingreso_estable_quincena)
EVT0000040,2025-12-18,91,soft,Naranja,Payway,510671,credito,4800.0,1,False,80,USR0000168,ama_de_casa,sin_relacion_dependencia,media,24,3,19,4900.0,18,28,13,1,0,0.0673,0.5283,0.4347,quincena,whatsapp,empatico,0,-1,Ama/o de casa con AUH (ingreso_auh_anses)
EVT0000041,2025-07-24,51,soft,Mastercard,Payway,536783,debito,6800.0,3,False,576,USR0000051,empleado_privado_formal,empleado_privado,alta,32,2,7,6400.0,24,22,7,0,0,0.0437,0.5503,0.4491,post_quincena,whatsapp,cercano,1,24,Empleado privado en relación de dependencia (ingreso_estable_quincena)
EVT0000042,2025-07-21,65,soft,Naranja,Payway,539614,debito,7700.0,6,True,62,USR0000371,empleado_comercio,empleado_privado,media,14,0,35,7000.0,21,25,10,0,0,0.0302,0.4811,0.4365,anses,whatsapp,cercano,0,-1,Empleado de comercio (CCT comercio) (ingreso_estable_fin_de_mes)
EVT0000043,2025-09-27,61,soft,Mastercard,Fiserv,572151,credito,5000.0,1,True,236,USR0000016,docente,empleado_publico,media,39,1,12,5500.0,27,18,3,0,0,0.068,0.6306,0.5889,post_fecha_resumen,whatsapp,cercano,0,-1,Docente (maestro / profesor) (ingreso_estable_fin_de_mes)
EVT0000044,2025-09-12,51,soft,Visa,Payway,468133,debito,22700.0,3,True,262,USR0000240,empleado_privado_formal,empleado_privado,alta,41,1,1,23800.0,12,3,18,0,1,0.0178,0.37,0.2703,post_fecha_resumen,push,cercano,1,28,Empleado privado en relación de dependencia (ingreso_estable_quincena)
EVT0000045,2026-05-09,05,soft,Visa,Other,483454,credito,7000.0,3,True,414,USR0000162,monotributista,autonomo,alta,10,0,5,7200.0,9,6,20,0,1,0.03,0.6847,0.5492,inmediata,whatsapp,urgente_suave,1,4,Monotributista (ingreso_irregular_fin_de_mes)
EVT0000046,2025-12-01,05,soft,Mastercard,Payway,593035,credito,4600.0,1,True,290,USR0000023,trabajador_informal,informal,media,1,0,12,4700.0,1,14,30,1,1,0.0549,0.602,0.5221,inmediata,llamada,formal,1,2,Trabajador informal / changas (ingreso_diario_efectivo)
EVT0000047,2025-10-23,51,soft,Cabal,Geopagos,672440,debito,2500.0,2,True,333,USR0000303,ama_de_casa,sin_relacion_dependencia,media,18,2,34,2400.0,23,22,8,0,0,0.0214,0.4971,0.3713,anses,whatsapp,empatico,0,-1,Ama/o de casa con AUH (ingreso_auh_anses)
EVT0000048,2025-12-12,54,hard,Visa,Geopagos,414118,credito,3800.0,6,True,-76,USR0000268,trabajador_informal,informal,media,6,0,28,4000.0,12,3,19,1,1,0.0336,0.5051,0.4012,fin_de_mes,whatsapp,cercano,0,-1,Trabajador informal / changas (ingreso_diario_efectivo)
EVT0000049,2025-08-17,51,soft,Naranja,Fiserv,528492,credito,16200.0,2,True,387,USR0000433,empleado_publico,empleado_publico,media,27,3,19,15800.0,17,29,12,0,0,0.0587,0.5413,0.385,post_aguinaldo,whatsapp,cercano,1,125,Empleado público (ingreso_estable_fin_de_mes)
EVT0000050,2025-12-30,51,soft,Visa,Payway,419237,debito,4600.0,6,False,-2,USR0000116,rural_agro,empleado_privado,baja,9,3,44,5000.0,30,16,1,1,0,0.0533,0.5642,0.5217,fin_de_mes,whatsapp,cercano,1,3,Trabajador rural / agro (estacional) (ingreso_estacional)
EVT0000051,2025-11-11,65,soft,Visa,Payway,486003,credito,19800.0,3,False,18,USR0000391,empleado_privado_formal,empleado_privado,alta,31,1,1,21000.0,11,3,17,0,1,0.0376,0.5035,0.4241,quincena,sms,cercano,0,-1,Empleado privado en relación de dependencia (ingreso_estable_quincena)
EVT0000052,2026-04-21,51,soft,Visa,Payway,469833,credito,3800.0,3,False,464,USR0000307,pensionado_no_contributivo,jubilado,baja,61,2,68,3900.0,21,24,9,0,0,0.0311,0.4805,0.3962,anses,llamada,empatico,0,-1,Pensionado no contributivo (ingreso_fijo_anses)
EVT0000053,2025-12-10,05,soft,Visa,Geopagos,460590,credito,5300.0,5,False,220,USR0000447,docente,empleado_publico,media,46,4,38,5900.0,10,5,21,1,1,0.0594,0.492,0.39,inmediata,email,empatico,1,2,Docente (maestro / profesor) (ingreso_estable_fin_de_mes)
EVT0000054,2025-08-08,05,soft,Amex,Payway,375109,credito,11200.0,3,False,365,USR0000253,empleado_comercio,empleado_privado,media,9,0,7,11700.0,8,7,21,0,1,0.0244,0.5763,0.4428,inmediata,whatsapp,cercano,1,5,Empleado de comercio (CCT comercio) (ingreso_estable_fin_de_mes)
EVT0000055,2025-12-12,91,soft,Visa,Payway,422331,credito,7700.0,4,True,326,USR0000282,taxista_remis,autonomo,media,9,0,24,8100.0,12,3,19,1,1,0.0584,0.3902,0.2962,inmediata,whatsapp,urgente_suave,0,-1,Conductor de app / taxista / remisero (ingreso_diario_efectivo)
EVT0000056,2026-01-26,91,soft,Visa,Payway,470544,debito,24400.0,6,True,108,USR0000569,ejecutivo_corporativo,empleado_privado,alta,48,6,7,24100.0,26,18,4,0,0,0.0655,0.5311,0.4175,inmediata,email,formal,1,2,Ejecutivo / perfil corporativo (ingreso_alto_estable)
EVT0000057,2026-02-14,54,hard,Visa,Payway,419299,credito,5800.0,1,True,-241,USR0000124,docente,empleado_publico,media,71,3,10,5500.0,14,27,13,0,0,0.0501,0.549,0.4989,inmediata,whatsapp,cercano,1,4,Docente (maestro / profesor) (ingreso_estable_fin_de_mes)
EVT0000058,2025-08-17,51,soft,Mastercard,Payway,532111,credito,15600.0,3,False,375,USR0000247,comerciante_minorista,autonomo,media,9,0,20,14500.0,17,29,12,0,0,0.0442,0.6406,0.5234,fin_de_mes,whatsapp,cercano,0,-1,Comerciante minorista / PyME (flujo_caja_variable)
EVT0000059,2026-01-22,51,soft,Visa,Payway,420954,debito,4000.0,1,True,309,USR0000076,rural_agro,empleado_privado,baja,14,0,15,4100.0,22,22,8,0,0,0.0689,0.58,0.5318,fin_de_mes,push,empatico,0,-1,Trabajador rural / agro (estacional) (ingreso_estacional)
EVT0000060,2025-09-02,65,soft,Mastercard,Payway,551762,credito,4500.0,2,True,264,USR0000382,joven_profesional,empleado_privado,alta,5,1,24,4500.0,2,13,28,0,1,0.0392,0.5311,0.3968,post_aguinaldo,whatsapp,empatico,1,108,Joven profesional (primer empleo) (ingreso_estable_bajo_quincena)
EVT0000061,2026-01-20,51,soft,Cabal,Other,645763,debito,3500.0,5,True,497,USR0000249,jubilado,jubilado,baja,38,1,22,3600.0,20,24,10,0,0,0.0296,0.507,0.4177,anses,llamada,empatico,0,-1,Jubilado / pensionado ANSES (ingreso_fijo_anses)
EVT0000062,2026-05-19,51,soft,Cabal,Geopagos,678225,debito,23100.0,1,False,201,USR0000406,empleado_privado_formal,empleado_privado,alta,50,4,25,24500.0,19,27,10,0,0,0.0604,0.5369,0.4848,post_quincena,whatsapp,cercano,0,-1,Empleado privado en relación de dependencia (ingreso_estable_quincena)
EVT0000063,2026-05-11,51,soft,Visa,Payway,430090,debito,2700.0,5,False,281,USR0000479,estudiante,informal,alta,1,0,14,2600.0,11,4,18,0,1,0.0234,0.5087,0.4001,fin_de_mes,whatsapp,urgente_suave,1,18,Estudiante universitario (ingreso_irregular_changas)
EVT0000064,2026-04-14,65,soft,Visa,Other,423724,credito,2900.0,1,True,641,USR0000198,estudiante,informal,alta,5,0,27,2900.0,14,1,16,0,0,0.0461,0.4559,0.396,anses,whatsapp,cercano,1,27,Estudiante universitario (ingreso_irregular_changas)
EVT0000065,2025-11-28,91,soft,Mastercard,Other,594540,credito,2400.0,3,False,461,USR0000387,gastronomico,empleado_privado,media,4,0,8,2300.0,28,17,0,0,0,0.0302,0.605,0.4944,fin_de_mes,whatsapp,cercano,1,34,Trabajador gastronómico (ingreso_variable_propinas)
EVT0000066,2025-11-25,51,soft,Mastercard,Payway,519914,debito,6300.0,4,True,395,USR0000065,taxista_remis,autonomo,media,17,1,4,6400.0,25,20,3,0,0,0.0157,0.3921,0.3026,quincena,whatsapp,cercano,0,-1,Conductor de app / taxista / remisero (ingreso_diario_efectivo)
EVT0000067,2025-12-27,62,soft,Visa,Other,468239,credito,10000.0,5,True,76,USR0000591,profesional_salud,empleado_privado,alta,14,1,12,9200.0,27,19,4,1,0,0.0483,0.5293,0.4696,inmediata,whatsapp,cercano,0,-1,Profesional de la salud (enfermero / técnico) (ingreso_estable_con_guardias)
EVT0000068,2025-11-30,05,soft,Visa,Payway,411268,credito,8200.0,1,False,378,USR0000329,empleado_publico,empleado_publico,media,37,2,0,8100.0,30,15,31,0,0,0.0604,0.5732,0.4028,inmediata,email,cercano,0,-1,Empleado público (ingreso_estable_fin_de_mes)
EVT0000069,2026-04-24,91,soft,Visa,Payway,447372,credito,11200.0,1,True,353,USR0000248,joven_profesional,empleado_privado,alta,2,0,124,10700.0,24,21,6,0,0,0.0531,0.632,0.5174,anses,whatsapp,cercano,1,17,Joven profesional (primer empleo) (ingreso_estable_bajo_quincena)
EVT0000070,2025-11-26,62,soft,Amex,Payway,323959,debito,8000.0,7,False,401,USR0000556,empleado_comercio,empleado_privado,media,20,2,12,7300.0,26,19,2,0,0,0.0604,0.5246,0.4643,inmediata,whatsapp,empatico,1,2,Empleado de comercio (CCT comercio) (ingreso_estable_fin_de_mes)
EVT0000071,2026-05-27,51,soft,Visa,Geopagos,459570,credito,3700.0,1,False,45,USR0000306,gastronomico,empleado_privado,media,2,0,22,3500.0,27,19,2,0,0,0.0123,0.5196,0.3752,post_fecha_resumen,whatsapp,cercano,1,15,Trabajador gastronómico (ingreso_variable_propinas)
EVT0000072,2025-10-23,05,soft,Visa,Payway,426113,credito,3000.0,4,True,347,USR0000148,beneficiario_plan_social,sin_relacion_dependencia,media,22,0,11,3200.0,23,22,8,0,0,0.0569,0.5311,0.4089,inmediata,email,formal,1,2,Beneficiario de plan social (ingreso_plan_social_anses)
EVT0000073,2025-07-02,65,soft,Mastercard,Payway,531065,credito,5100.0,5,False,346,USR0000287,docente,empleado_publico,media,72,6,6,5500.0,2,13,29,0,1,0.0515,0.5701,0.447,anses,whatsapp,cercano,1,6,Docente (maestro / profesor) (ingreso_estable_fin_de_mes)
EVT0000074,2025-09-09,51,soft,Naranja,Payway,507500,credito,4000.0,10,True,286,USR0000428,posgrado_becario,becario,alta,19,1,28,4000.0,9,6,21,0,1,0.0481,0.5118,0.4832,fin_de_mes,whatsapp,cercano,1,23,"Becario de posgrado (CONICET, etc.) (ingreso_beca_fin_de_mes)"
EVT0000075,2026-02-17,51,soft,Visa,Geopagos,437446,credito,8000.0,7,True,453,USR0000204,empleado_publico,empleado_publico,media,41,1,6,8500.0,17,24,10,0,0,0.0505,0.5966,0.5574,quincena,push,formal,0,-1,Empleado público (ingreso_estable_fin_de_mes)
EVT0000076,2025-10-27,05,soft,Amex,Payway,302091,credito,18400.0,1,True,293,USR0000019,comerciante_minorista,autonomo,media,13,0,9,20300.0,27,18,4,0,0,0.0511,0.581,0.436,post_quincena,email,cercano,1,20,Comerciante minorista / PyME (flujo_caja_variable)
EVT0000077,2026-03-21,57,hard,Visa,Payway,478730,credito,11700.0,1,False,454,USR0000516,taxista_remis,autonomo,media,23,4,9,11100.0,21,25,10,0,0,0.0509,0.5897,0.4789,inmediata,whatsapp,cercano,0,-1,Conductor de app / taxista / remisero (ingreso_diario_efectivo)
EVT0000078,2026-05-01,05,soft,Visa,Fiserv,435017,debito,8500.0,1,False,224,USR0000108,docente,empleado_publico,media,41,3,1,7900.0,1,14,28,0,1,0.0498,0.6507,0.4984,post_fecha_resumen,whatsapp,cercano,0,-1,Docente (maestro / profesor) (ingreso_estable_fin_de_mes)
EVT0000079,2026-04-05,51,soft,Mastercard,Payway,539282,debito,9800.0,2,True,111,USR0000515,empleado_privado_formal,empleado_privado,alta,33,5,4,9400.0,5,10,25,0,1,0.0194,0.4909,0.3823,post_quincena,whatsapp,cercano,0,-1,Empleado privado en relación de dependencia (ingreso_estable_quincena)
EVT0000080,2025-09-25,51,soft,Mastercard,Fiserv,556407,credito,6500.0,2,True,409,USR0000598,joven_profesional,empleado_privado,alta,6,0,6,7000.0,25,20,5,0,0,0.03,0.5529,0.4404,post_quincena,whatsapp,formal,1,21,Joven profesional (primer empleo) (ingreso_estable_bajo_quincena)
EVT0000081,2026-03-21,91,soft,Mastercard,Fiserv,597307,credito,4700.0,1,True,302,USR0000093,estudiante,informal,alta,3,0,46,4700.0,21,25,10,0,0,0.0353,0.4312,0.3696,fin_de_mes,push,cercano,1,10,Estudiante universitario (ingreso_irregular_changas)
EVT0000082,2026-04-20,51,soft,Visa,Geopagos,432604,credito,8800.0,10,False,21,USR0000055,profesional_salud,empleado_privado,alta,22,1,0,9200.0,20,25,10,0,0,0.0213,0.4904,0.3439,post_fecha_resumen,llamada,cercano,0,-1,Profesional de la salud (enfermero / técnico) (ingreso_estable_con_guardias)
EVT0000083,2025-10-19,05,soft,Amex,Payway,380330,credito,26100.0,5,True,208,USR0000125,comerciante_minorista,autonomo,media,9,0,2,27900.0,19,26,12,0,0,0.0545,0.6227,0.4768,post_quincena,whatsapp,cercano,0,-1,Comerciante minorista / PyME (flujo_caja_variable)
EVT0000084,2026-03-08,51,soft,Mastercard,Payway,548355,credito,3700.0,4,True,532,USR0000531,estudiante,informal,alta,1,0,11,4000.0,8,5,23,0,1,0.0374,0.5255,0.3753,inmediata,whatsapp,cercano,0,-1,Estudiante universitario (ingreso_irregular_changas)
EVT0000085,2025-12-14,51,soft,Cabal,Fiserv,624081,debito,3200.0,2,True,383,USR0000068,jubilado,jubilado,baja,56,2,19,3200.0,14,1,17,1,0,0.0528,0.3724,0.3168,anses,llamada,empatico,1,28,Jubilado / pensionado ANSES (ingreso_fijo_anses)
EVT0000086,2025-07-17,51,soft,Mastercard,Payway,585378,debito,9800.0,1,True,600,USR0000323,taxista_remis,autonomo,media,12,1,7,8900.0,17,29,14,0,0,0.0444,0.5658,0.51,quincena,whatsapp,cercano,0,-1,Conductor de app / taxista / remisero (ingreso_diario_efectivo)
EVT0000087,2026-02-18,51,soft,Mastercard,Other,532951,debito,2400.0,5,True,229,USR0000114,posgrado_becario,becario,alta,7,1,19,2500.0,18,23,9,0,0,0.0456,0.5431,0.4926,post_fecha_resumen,whatsapp,empatico,0,-1,"Becario de posgrado (CONICET, etc.) (ingreso_beca_fin_de_mes)"
EVT0000088,2026-02-12,14,hard,Visa,Payway,465348,debito,6700.0,3,False,496,USR0000227,docente,empleado_publico,media,52,5,6,6600.0,12,1,15,0,1,0.0397,0.3602,0.3133,inmediata,whatsapp,cercano,0,-1,Docente (maestro / profesor) (ingreso_estable_fin_de_mes)
EVT0000089,2026-01-19,51,soft,Cabal,Payway,635233,debito,4800.0,8,True,664,USR0000241,trabajador_informal,informal,media,1,0,12,4900.0,19,25,11,0,0,0.0297,0.5582,0.4985,anses,whatsapp,cercano,0,-1,Trabajador informal / changas (ingreso_diario_efectivo)
EVT0000090,2026-02-05,05,soft,Cabal,Other,621066,debito,26900.0,1,False,134,USR0000319,ejecutivo_corporativo,empleado_privado,alta,26,2,5,28100.0,5,8,22,0,1,0.0163,0.4492,0.4084,inmediata,email,formal,0,-1,Ejecutivo / perfil corporativo (ingreso_alto_estable)
EVT0000091,2025-10-08,51,soft,Visa,Fiserv,490998,credito,2000.0,4,True,663,USR0000351,trabajador_informal,informal,media,6,1,0,1900.0,8,7,23,0,1,0.0433,0.5586,0.452,quincena,whatsapp,cercano,0,-1,Trabajador informal / changas (ingreso_diario_efectivo)
EVT0000092,2026-01-04,51,soft,Mastercard,Fiserv,557932,credito,7900.0,2,True,543,USR0000009,empleado_comercio,empleado_privado,media,17,1,12,8300.0,4,11,26,0,1,0.0404,0.5019,0.3639,anses,email,cercano,0,-1,Empleado de comercio (CCT comercio) (ingreso_estable_fin_de_mes)
EVT0000093,2026-03-31,05,soft,Visa,Payway,483028,credito,24300.0,2,True,191,USR0000341,comerciante_minorista,autonomo,media,9,0,29,27000.0,31,15,0,0,0,0.0472,0.536,0.3919,inmediata,sms,cercano,0,-1,Comerciante minorista / PyME (flujo_caja_variable)
EVT0000094,2026-05-21,51,soft,Mastercard,Fiserv,511468,debito,4600.0,5,True,377,USR0000428,docente,empleado_publico,media,35,1,11,4200.0,21,25,8,0,0,0.0665,0.6692,0.6194,post_fecha_resumen,whatsapp,urgente_suave,0,-1,Docente (maestro / profesor) (ingreso_estable_fin_de_mes)
EVT0000095,2026-01-08,51,soft,Visa,Payway,488566,credito,2500.0,5,True,493,USR0000040,estudiante,informal,alta,4,0,7,2600.0,8,7,22,0,1,0.0462,0.6628,0.5963,quincena,llamada,cercano,0,-1,Estudiante universitario (ingreso_irregular_changas)
EVT0000096,2025-12-02,05,soft,Visa,Payway,438639,debito,17800.0,7,True,33,USR0000039,freelancer_digital,autonomo,alta,13,0,2,16800.0,2,13,29,1,1,0.036,0.5186,0.4242,inmediata,email,cercano,0,-1,Freelancer digital / trabajador remoto (ingreso_alto_irregular_usd)
EVT0000097,2025-10-25,51,soft,Mastercard,Payway,577327,debito,24600.0,2,False,528,USR0000304,profesional_independiente,autonomo,alta,18,1,19,22600.0,25,20,6,0,0,0.0401,0.5329,0.489,anses,email,empatico,0,-1,"Profesional independiente (abogado, contador, etc.) (ingreso_alto_irregular)"
EVT0000098,2026-05-01,05,soft,Naranja,Payway,532810,credito,7600.0,1,True,264,USR0000356,empleado_publico,empleado_publico,media,66,3,21,7000.0,1,14,28,0,1,0.0387,0.5595,0.4467,post_fecha_resumen,whatsapp,cercano,1,10,Empleado público (ingreso_estable_fin_de_mes)
EVT0000099,2025-12-04,65,soft,Mastercard,Payway,538512,debito,5400.0,1,True,252,USR0000354,empleado_publico,empleado_publico,media,61,3,39,5700.0,4,11,27,1,1,0.0395,0.6619,0.5789,fin_de_mes,sms,empatico,1,27,Empleado público (ingreso_estable_fin_de_mes)
EVT0000100,2026-05-19,65,soft,Naranja,Geopagos,527281,debito,5100.0,3,True,332,USR0000425,docente,empleado_publico,media,26,0,8,5000.0,19,27,10,0,0,0.0476,0.6532,0.4926,quincena,whatsapp,empatico,0,-1,Docente (maestro / profesor) (ingreso_estable_fin_de_mes)
EVT0000101,2025-07-26,61,soft,Mastercard,Other,583567,credito,4800.0,3,True,-55,USR0000459,gastronomico,empleado_privado,media,5,0,15,5300.0,26,20,5,0,0,0.0607,0.5124,0.3644,quincena,whatsapp,cercano,1,22,Trabajador gastronómico (ingreso_variable_propinas)
EVT0000102,2026-01-20,51,soft,Mastercard,Payway,589999,debito,6300.0,4,True,465,USR0000038,docente,empleado_publico,media,60,5,9,5900.0,20,24,10,0,0,0.0533,0.5129,0.4145,fin_de_mes,whatsapp,cercano,1,11,Docente (maestro / profesor) (ingreso_estable_fin_de_mes)
EVT0000103,2025-10-03,51,soft,Cabal,Fiserv,645729,debito,10200.0,2,True,248,USR0000274,taxista_remis,autonomo,media,10,0,30,9700.0,3,12,28,0,1,0.0595,0.6199,0.5203,post_quincena,whatsapp,urgente_suave,0,-1,Conductor de app / taxista / remisero (ingreso_diario_efectivo)
EVT0000104,2025-08-19,51,soft,Mastercard,Payway,541110,debito,8900.0,1,True,435,USR0000122,empleado_comercio,empleado_privado,media,13,0,10,8800.0,19,27,10,0,0,0.0726,0.704,0.6002,inmediata,whatsapp,formal,0,-1,Empleado de comercio (CCT comercio) (ingreso_estable_fin_de_mes)
EVT0000105,2025-11-23,51,soft,Visa,Other,492950,credito,3000.0,1,True,457,USR0000353,estudiante,informal,alta,1,0,1,2900.0,23,22,5,0,0,0.0655,0.5695,0.4995,fin_de_mes,whatsapp,cercano,1,5,Estudiante universitario (ingreso_irregular_changas)
EVT0000106,2025-10-25,51,soft,Mastercard,Fiserv,569578,debito,1900.0,1,True,323,USR0000525,ama_de_casa,sin_relacion_dependencia,media,8,0,63,2000.0,25,20,6,0,0,0.0325,0.5817,0.468,anses,llamada,empatico,0,-1,Ama/o de casa con AUH (ingreso_auh_anses)
EVT0000107,2025-09-05,05,soft,Visa,Geopagos,433269,debito,5300.0,3,True,127,USR0000408,empleado_comercio,empleado_privado,media,12,0,10,5700.0,5,10,25,0,1,0.0603,0.507,0.4374,inmediata,email,cercano,0,-1,Empleado de comercio (CCT comercio) (ingreso_estable_fin_de_mes)
EVT0000108,2026-02-28,54,hard,Visa,Payway,476107,debito,5300.0,3,False,-278,USR0000280,joven_profesional,empleado_privado,alta,6,0,5,5600.0,28,13,31,0,0,0.0492,0.442,0.3818,inmediata,llamada,cercano,0,-1,Joven profesional (primer empleo) (ingreso_estable_bajo_quincena)
EVT0000109,2025-09-22,05,soft,Mastercard,Geopagos,530772,debito,3900.0,1,False,533,USR0000002,gastronomico,empleado_privado,media,2,0,1,3700.0,22,23,8,0,0,0.0406,0.3487,0.2854,inmediata,whatsapp,cercano,0,-1,Trabajador gastronómico (ingreso_variable_propinas)
EVT0000110,2026-01-22,51,soft,Visa,Payway,419177,debito,4900.0,2,False,323,USR0000364,estudiante,informal,alta,4,0,75,4800.0,22,22,8,0,0,0.0248,0.4873,0.4194,post_aguinaldo,email,cercano,0,-1,Estudiante universitario (ingreso_irregular_changas)
EVT0000111,2026-01-26,51,soft,Visa,Geopagos,425841,debito,7100.0,2,True,766,USR0000149,jubilado,jubilado,baja,35,1,22,7200.0,26,18,4,0,0,0.0553,0.7073,0.6488,anses,email,urgente_suave,1,14,Jubilado / pensionado ANSES (ingreso_fijo_anses)
EVT0000112,2026-02-10,51,soft,Visa,Other,475793,credito,4100.0,2,True,147,USR0000562,taxista_remis,autonomo,media,22,1,4,3800.0,10,3,17,0,1,0.056,0.4413,0.4148,post_quincena,push,cercano,1,3,Conductor de app / taxista / remisero (ingreso_diario_efectivo)
EVT0000113,2026-01-20,05,soft,Visa,Payway,461176,credito,5800.0,2,True,584,USR0000303,monotributista,autonomo,alta,7,0,17,6300.0,20,24,10,0,0,0.0439,0.5139,0.481,inmediata,whatsapp,cercano,0,-1,Monotributista (ingreso_irregular_fin_de_mes)
EVT0000114,2026-03-17,05,soft,Visa,Geopagos,451490,credito,3900.0,4,False,128,USR0000589,beneficiario_plan_social,sin_relacion_dependencia,media,7,0,67,3700.0,17,29,14,0,0,0.0261,0.6338,0.4732,inmediata,whatsapp,empatico,1,3,Beneficiario de plan social (ingreso_plan_social_anses)
EVT0000115,2025-07-27,05,soft,Mastercard,Fiserv,560150,debito,5400.0,4,False,96,USR0000024,posgrado_becario,becario,alta,12,1,0,5200.0,27,19,4,0,0,0.0457,0.6107,0.4668,inmediata,whatsapp,cercano,0,-1,"Becario de posgrado (CONICET, etc.) (ingreso_beca_fin_de_mes)"
EVT0000116,2025-10-08,51,soft,Visa,Payway,414626,credito,24800.0,1,False,291,USR0000490,empresario_pyme,autonomo,media,39,4,2,27000.0,8,7,23,0,1,0.0371,0.46,0.3625,post_fecha_resumen,llamada,formal,1,3,Empresario / dueño de PyME (ingreso_alto_variable)
EVT0000117,2025-10-04,65,soft,Mastercard,Payway,511789,credito,3400.0,2,True,247,USR0000079,estudiante,informal,alta,5,0,18,3400.0,4,11,27,0,1,0.0442,0.5937,0.4579,post_fecha_resumen,whatsapp,urgente_suave,1,7,Estudiante universitario (ingreso_irregular_changas)
EVT0000118,2025-08-09,65,soft,Cabal,Payway,619554,debito,26200.0,1,True,412,USR0000195,comerciante_minorista,autonomo,media,11,0,8,24700.0,9,6,20,0,1,0.0303,0.4921,0.4032,post_fecha_resumen,whatsapp,cercano,0,-1,Comerciante minorista / PyME (flujo_caja_variable)
EVT0000119,2025-08-17,05,soft,Mastercard,Payway,558144,credito,4100.0,1,True,504,USR0000574,pensionado_no_contributivo,jubilado,baja,50,3,1,4000.0,17,29,12,0,0,0.0603,0.5873,0.5169,inmediata,llamada,empatico,0,-1,Pensionado no contributivo (ingreso_fijo_anses)
EVT0000120,2025-12-17,91,soft,Visa,Payway,489073,debito,3100.0,1,False,203,USR0000330,jubilado,jubilado,baja,26,2,4,3100.0,17,29,14,1,0,0.0277,0.6391,0.461,inmediata,llamada,empatico,0,-1,Jubilado / pensionado ANSES (ingreso_fijo_anses)
EVT0000121,2026-01-23,05,soft,Mastercard,Payway,509426,debito,5600.0,3,False,81,USR0000477,beneficiario_plan_social,sin_relacion_dependencia,media,6,0,13,5700.0,23,21,7,0,0,0.0376,0.5816,0.4222,inmediata,llamada,empatico,0,-1,Beneficiario de plan social (ingreso_plan_social_anses)
EVT0000122,2025-07-08,51,soft,Mastercard,Fiserv,535594,credito,9800.0,2,True,28,USR0000549,empleado_privado_formal,empleado_privado,alta,30,2,9,10200.0,8,7,23,0,1,0.0376,0.5943,0.4214,post_quincena,whatsapp,cercano,1,8,Empleado privado en relación de dependencia (ingreso_estable_quincena)
EVT0000123,2025-08-17,51,soft,Amex,Payway,385256,credito,5900.0,1,True,517,USR0000029,docente,empleado_publico,media,35,0,31,6000.0,17,29,12,0,0,0.062,0.6119,0.4452,post_fecha_resumen,llamada,cercano,0,-1,Docente (maestro / profesor) (ingreso_estable_fin_de_mes)
EVT0000124,2026-04-26,51,soft,Mastercard,Payway,576915,debito,24100.0,3,False,452,USR0000540,profesional_independiente,autonomo,alta,15,2,28,25500.0,26,19,4,0,0,0.0488,0.5642,0.4695,fin_de_mes,push,urgente_suave,0,-1,"Profesional independiente (abogado, contador, etc.) (ingreso_alto_irregular)"
EVT0000125,2026-06-01,05,soft,Visa,Payway,440553,credito,7900.0,6,True,360,USR0000209,empleado_publico,empleado_publico,media,36,4,0,8100.0,1,14,29,1,1,0.0359,0.6,0.5374,quincena,whatsapp,urgente_suave,0,-1,Empleado público (ingreso_estable_fin_de_mes)
EVT0000126,2025-07-03,91,soft,Mastercard,Payway,543798,credito,8200.0,3,True,-60,USR0000317,monotributista,autonomo,alta,14,3,43,8300.0,3,12,28,0,1,0.0223,0.4502,0.3939,quincena,push,cercano,0,-1,Monotributista (ingreso_irregular_fin_de_mes)
EVT0000127,2026-01-25,65,soft,Mastercard,Payway,548949,credito,7100.0,3,True,375,USR0000316,empleado_comercio,empleado_privado,media,16,1,67,6800.0,25,19,5,0,0,0.0569,0.4216,0.3975,post_fecha_resumen,push,cercano,0,-1,Empleado de comercio (CCT comercio) (ingreso_estable_fin_de_mes)
EVT0000128,2025-12-25,51,soft,Mastercard,Payway,561913,credito,16900.0,2,True,688,USR0000096,empresario_pyme,autonomo,media,65,3,9,18700.0,25,21,6,1,0,0.0416,0.6118,0.5637,fin_de_mes,whatsapp,formal,0,-1,Empresario / dueño de PyME (ingreso_alto_variable)
EVT0000129,2025-08-09,05,soft,Visa,Other,422079,credito,11600.0,4,True,200,USR0000253,empresario_pyme,autonomo,media,48,4,3,11600.0,9,6,20,0,1,0.049,0.5572,0.4096,inmediata,whatsapp,formal,0,-1,Empresario / dueño de PyME (ingreso_alto_variable)
EVT0000130,2025-09-26,05,soft,Cabal,Payway,657398,debito,6100.0,1,False,92,USR0000463,gastronomico,empleado_privado,media,5,1,4,5700.0,26,19,4,0,0,0.0611,0.5785,0.4684,inmediata,whatsapp,cercano,0,-1,Trabajador gastronómico (ingreso_variable_propinas)
EVT0000131,2025-07-02,51,soft,Visa,Fiserv,433560,credito,6400.0,1,True,32,USR0000310,empleado_comercio,empleado_privado,media,22,1,16,6600.0,2,13,29,0,1,0.0328,0.5642,0.474,quincena,push,cercano,0,-1,Empleado de comercio (CCT comercio) (ingreso_estable_fin_de_mes)
EVT0000132,2026-01-21,51,soft,Cabal,Payway,628556,debito,7800.0,1,False,48,USR0000404,docente,empleado_publico,media,37,1,33,8300.0,21,23,9,0,0,0.0558,0.4548,0.3535,fin_de_mes,whatsapp,cercano,0,-1,Docente (maestro / profesor) (ingreso_estable_fin_de_mes)
EVT0000133,2026-04-26,91,soft,Amex,Payway,332243,credito,12000.0,2,False,340,USR0000208,empleado_privado_formal,empleado_privado,alta,34,3,6,11800.0,26,19,4,0,0,0.0517,0.5199,0.4598,inmediata,whatsapp,cercano,1,2,Empleado privado en relación de dependencia (ingreso_estable_quincena)
EVT0000134,2026-02-19,51,soft,Mastercard,Payway,507527,debito,2500.0,1,True,326,USR0000538,pensionado_no_contributivo,jubilado,baja,28,2,5,2800.0,19,22,8,0,0,0.041,0.5763,0.4666,quincena,whatsapp,urgente_suave,0,-1,Pensionado no contributivo (ingreso_fijo_anses)
EVT0000135,2026-04-10,62,soft,Visa,Geopagos,455681,credito,4100.0,1,False,281,USR0000477,gastronomico,empleado_privado,media,3,2,14,3800.0,10,5,20,0,1,0.0391,0.6594,0.5036,post_fecha_resumen,whatsapp,cercano,0,-1,Trabajador gastronómico (ingreso_variable_propinas)
EVT0000136,2025-09-08,65,soft,Cabal,Payway,625280,debito,14400.0,2,True,327,USR0000393,comerciante_minorista,autonomo,media,11,1,108,13700.0,8,7,22,0,1,0.0746,0.4662,0.3332,quincena,whatsapp,cercano,0,-1,Comerciante minorista / PyME (flujo_caja_variable)
EVT0000137,2026-05-17,65,soft,Cabal,Other,647608,debito,2500.0,8,True,266,USR0000294,posgrado_becario,becario,alta,20,2,9,2400.0,17,29,12,0,0,0.0339,0.4875,0.3808,post_fecha_resumen,whatsapp,cercano,0,-1,"Becario de posgrado (CONICET, etc.) (ingreso_beca_fin_de_mes)"
EVT0000138,2026-03-23,51,soft,Visa,Fiserv,451200,credito,7700.0,5,True,279,USR0000323,docente,empleado_publico,media,31,1,25,7100.0,23,23,8,0,0,0.0492,0.5698,0.4387,post_aguinaldo,llamada,cercano,0,-1,Docente (maestro / profesor) (ingreso_estable_fin_de_mes)
EVT0000139,2026-03-31,51,soft,Mastercard,Payway,594674,credito,28500.0,4,True,173,USR0000507,comerciante_minorista,autonomo,media,14,1,11,28800.0,31,15,0,0,0,0.042,0.4483,0.3928,fin_de_mes,whatsapp,cercano,1,30,Comerciante minorista / PyME (flujo_caja_variable)
EVT0000140,2025-11-11,91,soft,Visa,Fiserv,440048,credito,5300.0,2,True,285,USR0000489,trabajador_informal,informal,media,1,0,8,4900.0,11,3,17,0,1,0.0172,0.4744,0.3453,inmediata,push,cercano,1,2,Trabajador informal / changas (ingreso_diario_efectivo)
EVT0000141,2025-11-20,65,soft,Visa,Other,420590,credito,6400.0,4,True,360,USR0000422,joven_profesional,empleado_privado,alta,6,1,15,6900.0,20,25,8,0,0,0.0474,0.5421,0.4055,post_fecha_resumen,push,cercano,0,-1,Joven profesional (primer empleo) (ingreso_estable_bajo_quincena)
EVT0000142,2025-08-23,91,soft,Visa,Payway,452353,credito,20600.0,4,True,74,USR0000269,ejecutivo_corporativo,empleado_privado,alta,66,4,16,20400.0,23,23,6,0,0,0.0429,0.5245,0.4368,inmediata,email,formal,1,4,Ejecutivo / perfil corporativo (ingreso_alto_estable)
EVT0000143,2025-10-25,51,soft,Visa,Geopagos,481368,debito,6300.0,6,True,378,USR0000206,profesional_salud,empleado_privado,alta,9,3,30,6800.0,25,20,6,0,0,0.0286,0.5834,0.4238,fin_de_mes,whatsapp,cercano,1,8,Profesional de la salud (enfermero / técnico) (ingreso_estable_con_guardias)
EVT0000144,2025-09-03,51,soft,Visa,Payway,445195,credito,12400.0,1,True,103,USR0000004,empleado_privado_formal,empleado_privado,alta,71,3,6,13200.0,3,12,27,0,1,0.0292,0.6002,0.4902,anses,llamada,cercano,1,7,Empleado privado en relación de dependencia (ingreso_estable_quincena)
EVT0000145,2025-09-20,05,soft,Visa,Payway,467239,debito,9700.0,2,True,236,USR0000254,empleado_privado_formal,empleado_privado,alta,65,3,3,10400.0,20,25,10,0,0,0.0285,0.6033,0.4601,inmediata,whatsapp,urgente_suave,1,2,Empleado privado en relación de dependencia (ingreso_estable_quincena)
EVT0000146,2026-05-04,54,hard,Mastercard,Fiserv,569351,credito,18600.0,2,True,-236,USR0000508,profesional_independiente,autonomo,alta,21,1,14,20100.0,4,11,25,0,1,0.0442,0.5468,0.5092,inmediata,email,formal,0,-1,"Profesional independiente (abogado, contador, etc.) (ingreso_alto_irregular)"
EVT0000147,2025-12-15,51,soft,Cabal,Payway,641239,debito,3000.0,4,True,93,USR0000071,pensionado_no_contributivo,jubilado,baja,34,3,0,2700.0,15,0,16,1,0,0.0497,0.5297,0.4264,anses,llamada,empatico,0,-1,Pensionado no contributivo (ingreso_fijo_anses)
EVT0000148,2025-10-23,51,soft,Mastercard,Payway,524589,credito,5200.0,1,True,250,USR0000544,empleado_comercio,empleado_privado,media,16,0,7,5700.0,23,22,8,0,0,0.0584,0.5719,0.4892,post_aguinaldo,sms,formal,1,56,Empleado de comercio (CCT comercio) (ingreso_estable_fin_de_mes)
EVT0000149,2026-01-18,65,soft,Mastercard,Payway,596887,credito,12100.0,3,False,122,USR0000074,empleado_privado_formal,empleado_privado,alta,49,5,90,12700.0,18,26,12,0,0,0.0539,0.492,0.4562,fin_de_mes,whatsapp,cercano,1,13,Empleado privado en relación de dependencia (ingreso_estable_quincena)
EVT0000150,2025-12-19,91,soft,Visa,Payway,470035,credito,25700.0,2,True,473,USR0000242,empresario_pyme,autonomo,media,47,2,3,24800.0,19,27,12,1,0,0.0352,0.4997,0.4152,inmediata,email,formal,1,5,Empresario / dueño de PyME (ingreso_alto_variable)
EVT0000151,2025-09-07,61,soft,Naranja,Fiserv,577715,credito,29400.0,7,False,296,USR0000058,comerciante_minorista,autonomo,media,22,3,7,28500.0,7,8,23,0,1,0.0335,0.4552,0.3278,anses,whatsapp,urgente_suave,1,1,Comerciante minorista / PyME (flujo_caja_variable)
EVT0000152,2026-04-28,51,soft,Cabal,Payway,606079,debito,8200.0,1,False,178,USR0000410,empleado_comercio,empleado_privado,media,20,1,16,8300.0,28,17,2,0,0,0.034,0.4984,0.3577,quincena,whatsapp,cercano,0,-1,Empleado de comercio (CCT comercio) (ingreso_estable_fin_de_mes)
EVT0000153,2026-04-29,54,hard,Mastercard,Fiserv,517960,debito,6800.0,1,True,-72,USR0000405,empleado_publico,empleado_publico,media,66,7,43,7400.0,29,16,1,0,0,0.0391,0.6664,0.5998,inmediata,whatsapp,cercano,0,-1,Empleado público (ingreso_estable_fin_de_mes)
EVT0000154,2025-07-25,91,soft,Visa,Fiserv,478425,credito,11500.0,5,False,314,USR0000542,empleado_privado_formal,empleado_privado,alta,64,5,8,11700.0,25,21,6,0,0,0.0135,0.4871,0.4263,inmediata,whatsapp,urgente_suave,1,3,Empleado privado en relación de dependencia (ingreso_estable_quincena)
EVT0000155,2026-05-07,54,hard,Visa,Payway,410755,debito,4400.0,3,False,-71,USR0000155,empleado_publico,empleado_publico,media,64,3,1,4300.0,7,8,22,0,1,0.0583,0.6398,0.5982,fin_de_mes,whatsapp,cercano,0,-1,Empleado público (ingreso_estable_fin_de_mes)
EVT0000156,2026-03-15,61,soft,Cabal,Payway,630660,debito,22700.0,4,False,480,USR0000409,freelancer_digital,autonomo,alta,23,1,18,24900.0,15,31,16,0,0,0.0634,0.598,0.4213,post_fecha_resumen,email,cercano,0,-1,Freelancer digital / trabajador remoto (ingreso_alto_irregular_usd)
EVT0000157,2026-01-10,41,hard,Mastercard,Payway,575485,credito,5900.0,7,False,141,USR0000446,empleado_publico,empleado_publico,media,32,1,4,6500.0,10,5,20,0,1,0.0677,0.5204,0.4501,post_fecha_resumen,whatsapp,cercano,0,-1,Empleado público (ingreso_estable_fin_de_mes)
EVT0000158,2025-11-16,51,soft,Visa,Payway,452147,credito,5600.0,3,True,108,USR0000453,docente,empleado_publico,media,34,3,17,6200.0,16,29,12,0,0,0.0343,0.4956,0.4411,fin_de_mes,sms,cercano,1,13,Docente (maestro / profesor) (ingreso_estable_fin_de_mes)
EVT0000159,2026-03-23,91,soft,Visa,Other,477495,debito,7500.0,1,True,367,USR0000212,empleado_comercio,empleado_privado,media,19,0,14,7000.0,23,23,8,0,0,0.0457,0.5697,0.3991,inmediata,whatsapp,cercano,1,4,Empleado de comercio (CCT comercio) (ingreso_estable_fin_de_mes)
EVT0000160,2026-01-18,51,soft,Visa,Payway,493898,debito,6200.0,5,True,415,USR0000440,estudiante,informal,alta,5,0,1,6100.0,18,26,12,0,0,0.0379,0.5523,0.5126,fin_de_mes,whatsapp,cercano,0,-1,Estudiante universitario (ingreso_irregular_changas)
EVT0000161,2025-07-07,54,hard,Mastercard,Payway,523616,credito,2800.0,2,True,-153,USR0000297,beneficiario_plan_social,sin_relacion_dependencia,media,10,0,3,2800.0,7,8,24,0,1,0.0395,0.5023,0.4762,inmediata,llamada,empatico,1,3,Beneficiario de plan social (ingreso_plan_social_anses)
EVT0000162,2026-02-06,51,soft,Naranja,Payway,588687,credito,6000.0,5,True,444,USR0000011,ama_de_casa,sin_relacion_dependencia,media,20,3,1,6300.0,6,7,21,0,1,0.0642,0.464,0.3821,fin_de_mes,sms,empatico,0,-1,Ama/o de casa con AUH (ingreso_auh_anses)
EVT0000163,2026-04-20,51,soft,Mastercard,Geopagos,517575,credito,3900.0,1,True,149,USR0000408,empleado_comercio,empleado_privado,media,17,0,0,4200.0,20,25,10,0,0,0.0497,0.5794,0.5288,post_aguinaldo,whatsapp,urgente_suave,0,-1,Empleado de comercio (CCT comercio) (ingreso_estable_fin_de_mes)
EVT0000164,2026-04-19,05,soft,Mastercard,Payway,540648,debito,11300.0,1,False,20,USR0000150,taxista_remis,autonomo,media,8,0,126,12400.0,19,26,11,0,0,0.0297,0.5581,0.4005,post_quincena,whatsapp,formal,0,-1,Conductor de app / taxista / remisero (ingreso_diario_efectivo)
EVT0000165,2026-02-06,05,soft,Visa,Fiserv,498801,debito,6300.0,3,True,407,USR0000525,joven_profesional,empleado_privado,alta,1,0,25,6900.0,6,7,21,0,1,0.0327,0.5738,0.5195,inmediata,whatsapp,cercano,0,-1,Joven profesional (primer empleo) (ingreso_estable_bajo_quincena)
EVT0000166,2026-01-01,54,hard,Mastercard,Payway,570618,credito,6100.0,1,True,-317,USR0000430,beneficiario_plan_social,sin_relacion_dependencia,media,24,1,9,5800.0,1,14,29,0,1,0.0499,0.4402,0.4097,post_quincena,push,empatico,0,-1,Beneficiario de plan social (ingreso_plan_social_anses)
EVT0000167,2025-08-06,51,soft,Mastercard,Payway,583525,credito,2800.0,1,False,268,USR0000389,posgrado_becario,becario,alta,8,1,26,2800.0,6,9,23,0,1,0.0568,0.4655,0.3486,fin_de_mes,whatsapp,cercano,1,25,"Becario de posgrado (CONICET, etc.) (ingreso_beca_fin_de_mes)"
EVT0000168,2025-08-28,05,soft,Visa,Payway,411004,debito,14400.0,7,True,354,USR0000049,empleado_privado_formal,empleado_privado,alta,65,3,18,13100.0,28,18,1,0,0,0.0636,0.5609,0.4077,inmediata,whatsapp,formal,1,1,Empleado privado en relación de dependencia (ingreso_estable_quincena)
EVT0000169,2026-05-17,91,soft,Cabal,Payway,636143,debito,3400.0,1,True,335,USR0000282,trabajador_informal,informal,media,5,2,21,3300.0,17,29,12,0,0,0.0696,0.5749,0.4676,inmediata,whatsapp,cercano,0,-1,Trabajador informal / changas (ingreso_diario_efectivo)
EVT0000170,2025-08-27,51,soft,Mastercard,Payway,544994,credito,2900.0,1,True,241,USR0000251,estudiante,informal,alta,1,0,8,3100.0,27,19,2,0,0,0.058,0.5212,0.4387,fin_de_mes,whatsapp,cercano,1,3,Estudiante universitario (ingreso_irregular_changas)
EVT0000171,2025-11-30,05,soft,Visa,Payway,478220,credito,19500.0,2,True,99,USR0000171,comerciante_minorista,autonomo,media,17,2,9,18000.0,30,15,31,0,0,0.046,0.6177,0.4672,post_quincena,whatsapp,cercano,0,-1,Comerciante minorista / PyME (flujo_caja_variable)
EVT0000172,2025-09-23,51,soft,Visa,Payway,458925,credito,31700.0,8,True,291,USR0000044,empresario_pyme,autonomo,media,47,2,8,34700.0,23,22,7,0,0,0.0308,0.6294,0.5522,post_fecha_resumen,whatsapp,formal,1,19,Empresario / dueño de PyME (ingreso_alto_variable)
EVT0000173,2026-03-20,51,soft,Visa,Other,469925,credito,11800.0,4,True,210,USR0000125,docente,empleado_publico,media,46,0,1,12200.0,20,26,11,0,0,0.0648,0.5806,0.4327,fin_de_mes,whatsapp,formal,1,11,Docente (maestro / profesor) (ingreso_estable_fin_de_mes)
EVT0000174,2026-05-26,65,soft,Visa,Payway,474445,credito,9600.0,8,True,281,USR0000141,empleado_privado_formal,empleado_privado,alta,34,2,23,9600.0,26,20,3,0,0,0.049,0.608,0.5326,post_fecha_resumen,whatsapp,cercano,0,-1,Empleado privado en relación de dependencia (ingreso_estable_quincena)
EVT0000175,2025-07-14,51,soft,Mastercard,Payway,566880,credito,2900.0,6,True,349,USR0000075,rural_agro,empleado_privado,baja,19,1,9,3100.0,14,1,17,0,0,0.0401,0.5375,0.4805,fin_de_mes,sms,formal,0,-1,Trabajador rural / agro (estacional) (ingreso_estacional)
EVT0000176,2026-01-05,51,soft,Mastercard,Fiserv,522297,credito,2300.0,1,True,350,USR0000213,jubilado,jubilado,baja,41,2,18,2400.0,5,10,25,0,1,0.0578,0.471,0.4099,anses,llamada,empatico,1,5,Jubilado / pensionado ANSES (ingreso_fijo_anses)
EVT0000177,2025-10-25,51,soft,Mastercard,Payway,569329,credito,21300.0,2,True,285,USR0000232,empresario_pyme,autonomo,media,37,3,6,20500.0,25,20,6,0,0,0.046,0.4255,0.3587,fin_de_mes,whatsapp,formal,1,6,Empresario / dueño de PyME (ingreso_alto_variable)
EVT0000178,2025-11-05,54,hard,Mastercard,Payway,571493,credito,4400.0,2,True,-56,USR0000239,pensionado_no_contributivo,jubilado,baja,34,2,10,4100.0,5,9,23,0,1,0.046,0.5191,0.3959,anses,llamada,cercano,0,-1,Pensionado no contributivo (ingreso_fijo_anses)
EVT0000179,2026-04-19,91,soft,Mastercard,Fiserv,505478,credito,7100.0,1,False,137,USR0000018,empleado_privado_formal,empleado_privado,alta,56,3,5,6800.0,19,26,11,0,0,0.0511,0.565,0.4642,inmediata,whatsapp,cercano,1,2,Empleado privado en relación de dependencia (ingreso_estable_quincena)
EVT0000180,2025-08-27,51,soft,Cabal,Payway,634404,debito,10700.0,7,True,419,USR0000396,profesional_salud,empleado_privado,alta,21,0,27,9900.0,27,19,2,0,0,0.0463,0.478,0.4445,fin_de_mes,whatsapp,cercano,0,-1,Profesional de la salud (enfermero / técnico) (ingreso_estable_con_guardias)
EVT0000181,2026-01-20,51,soft,Visa,Payway,432562,credito,6400.0,5,False,618,USR0000280,empleado_publico,empleado_publico,media,61,3,20,6400.0,20,24,10,0,0,0.0325,0.4816,0.3981,fin_de_mes,llamada,formal,0,-1,Empleado público (ingreso_estable_fin_de_mes)
EVT0000182,2026-01-31,51,soft,Visa,Payway,450108,credito,13700.0,1,False,-45,USR0000253,profesional_salud,empleado_privado,alta,22,2,7,13400.0,31,13,27,0,0,0.0574,0.565,0.4302,anses,email,cercano,1,11,Profesional de la salud (enfermero / técnico) (ingreso_estable_con_guardias)
EVT0000183,2026-01-04,65,soft,Mastercard,Payway,529650,credito,23600.0,1,False,267,USR0000209,comerciante_minorista,autonomo,media,24,1,22,24600.0,4,11,26,0,1,0.0577,0.6404,0.5208,post_fecha_resumen,push,cercano,1,8,Comerciante minorista / PyME (flujo_caja_variable)
EVT0000184,2025-11-26,05,soft,Visa,Payway,440457,credito,4800.0,2,False,17,USR0000218,joven_profesional,empleado_privado,alta,3,1,31,5000.0,26,19,2,0,0,0.0472,0.5949,0.5446,inmediata,whatsapp,cercano,0,-1,Joven profesional (primer empleo) (ingreso_estable_bajo_quincena)
EVT0000185,2026-01-13,51,soft,Cabal,Other,654677,debito,6200.0,3,False,456,USR0000179,docente,empleado_publico,media,43,2,8,5700.0,13,2,17,0,0,0.0514,0.5688,0.4606,fin_de_mes,sms,cercano,0,-1,Docente (maestro / profesor) (ingreso_estable_fin_de_mes)
EVT0000186,2025-12-27,05,soft,Visa,Fiserv,403876,debito,3000.0,2,False,214,USR0000290,jubilado,jubilado,baja,61,3,10,2800.0,27,19,4,1,0,0.0573,0.6502,0.4557,inmediata,llamada,empatico,0,-1,Jubilado / pensionado ANSES (ingreso_fijo_anses)
EVT0000187,2026-01-25,05,soft,Mastercard,Payway,562721,credito,16500.0,6,True,329,USR0000197,freelancer_digital,autonomo,alta,22,0,0,16100.0,25,19,5,0,0,0.0447,0.5282,0.4566,inmediata,email,cercano,0,-1,Freelancer digital / trabajador remoto (ingreso_alto_irregular_usd)
EVT0000188,2025-07-08,05,soft,Mastercard,Other,571161,credito,19600.0,4,True,313,USR0000084,comerciante_minorista,autonomo,media,22,0,8,20200.0,8,7,23,0,1,0.0302,0.4989,0.3517,inmediata,whatsapp,cercano,1,1,Comerciante minorista / PyME (flujo_caja_variable)
EVT0000189,2026-05-25,51,soft,Visa,Fiserv,432014,debito,4700.0,2,True,272,USR0000422,rural_agro,empleado_privado,baja,7,0,9,5200.0,25,21,4,0,0,0.0584,0.5196,0.4826,fin_de_mes,whatsapp,empatico,1,5,Trabajador rural / agro (estacional) (ingreso_estacional)
EVT0000190,2025-11-27,51,soft,Visa,Payway,494860,debito,5800.0,2,True,316,USR0000351,trabajador_informal,informal,media,4,1,8,5500.0,27,18,1,0,0,0.0245,0.5068,0.4088,quincena,email,cercano,0,-1,Trabajador informal / changas (ingreso_diario_efectivo)
EVT0000191,2025-08-13,91,soft,Mastercard,Geopagos,596858,credito,12300.0,3,False,124,USR0000565,empleado_privado_formal,empleado_privado,alta,51,4,0,11700.0,13,2,16,0,0,0.0477,0.4776,0.371,post_aguinaldo,whatsapp,cercano,0,-1,Empleado privado en relación de dependencia (ingreso_estable_quincena)
EVT0000192,2026-03-17,51,soft,Visa,Payway,475067,debito,3500.0,15,True,84,USR0000476,trabajador_informal,informal,media,5,0,15,3400.0,17,29,14,0,0,0.045,0.5588,0.4394,quincena,whatsapp,cercano,1,30,Trabajador informal / changas (ingreso_diario_efectivo)
EVT0000193,2026-02-02,51,soft,Visa,Geopagos,429741,credito,13400.0,1,True,375,USR0000285,empresario_pyme,autonomo,media,40,3,26,14200.0,2,11,25,0,1,0.0333,0.6457,0.546,fin_de_mes,whatsapp,urgente_suave,1,27,Empresario / dueño de PyME (ingreso_alto_variable)
EVT0000194,2026-05-08,05,soft,Amex,Geopagos,365346,credito,3000.0,1,False,262,USR0000432,gastronomico,empleado_privado,media,3,1,32,3300.0,8,7,21,0,1,0.0573,0.6344,0.4671,post_aguinaldo,whatsapp,cercano,1,55,Trabajador gastronómico (ingreso_variable_propinas)
EVT0000195,2026-04-02,51,soft,Cabal,Payway,662207,debito,9100.0,8,True,279,USR0000587,empleado_publico,empleado_publico,media,64,3,2,9200.0,2,13,28,0,1,0.0357,0.5972,0.5199,fin_de_mes,whatsapp,cercano,0,-1,Empleado público (ingreso_estable_fin_de_mes)
EVT0000196,2025-12-19,51,soft,Visa,Fiserv,486351,credito,5400.0,9,True,785,USR0000486,estudiante,informal,alta,6,0,25,6000.0,19,27,12,1,0,0.0444,0.5996,0.5165,post_quincena,push,urgente_suave,0,-1,Estudiante universitario (ingreso_irregular_changas)
EVT0000197,2026-02-10,51,soft,Cabal,Geopagos,609710,debito,9200.0,9,True,438,USR0000384,docente,empleado_publico,media,30,2,0,8800.0,10,3,17,0,1,0.0694,0.7118,0.5293,anses,whatsapp,empatico,0,-1,Docente (maestro / profesor) (ingreso_estable_fin_de_mes)
EVT0000198,2026-02-19,05,soft,Visa,Payway,417419,credito,6200.0,8,True,400,USR0000156,empleado_comercio,empleado_privado,media,15,0,15,6800.0,19,22,8,0,0,0.0494,0.6293,0.5977,inmediata,whatsapp,cercano,0,-1,Empleado de comercio (CCT comercio) (ingreso_estable_fin_de_mes)
EVT0000199,2026-05-08,05,soft,Mastercard,Geopagos,596828,credito,24100.0,2,True,286,USR0000214,ejecutivo_corporativo,empleado_privado,alta,39,1,0,22000.0,8,7,21,0,1,0.0448,0.5247,0.4197,quincena,email,formal,1,8,Ejecutivo / perfil corporativo (ingreso_alto_estable)
